{
  "[[1, 10, 60], 300]": 5521.7892651912025,
  "[[1, 10, 60], 600]": 5035.948162225186,
  "[[1, 10, 60], 900]": 5041.1608151839755,
  "[[1, 10, 60], 1200]": 4806.926704739806,
  "[[1, 10, 60], 1500]": 4643.237064875075,
  "[[1, 10, 60], 1800]": 4429.69454549117,
  "[[1, 10, 60], 2100]": 4260.928117998865,
  "[[1, 10, 60], 2400]": 4134.783709707738,
  "[[1, 10, 60], 2700]": 3970.3615540017217,
  "[[1, 10, 60], 3000]": 3817.739721566362,
  "[[1, 10, 60], 3300]": 3733.3332373583225,
  "[[1, 10, 60], 3600]": 3598.945862498205,
  "[[5, 60, 600], 300]": 4695.334357396972,
  "[[5, 60, 600], 600]": 3966.081959592095,
  "[[5, 60, 600], 900]": 3407.0895980897744,
  "[[5, 60, 600], 1200]": 5587.245780801837,
  "[[5, 60, 600], 1500]": 5387.440286923847,
  "[[5, 60, 600], 1800]": 5437.363895665944,
  "[[5, 60, 600], 2100]": 5404.8466373076335,
  "[[5, 60, 600], 2400]": 5474.173259069549,
  "[[5, 60, 600], 2700]": 5412.92538452319,
  "[[5, 60, 600], 3000]": 5406.769220496333,
  "[[5, 60, 600], 3300]": 5473.225735303891,
  "[[5, 60, 600], 3600]": 5360.523726259588,
  "[[10, 60, 600], 300]": 5738.1299468396155,
  "[[10, 60, 600], 600]": 5240.399490388391,
  "[[10, 60, 600], 900]": 4723.551162056409,
  "[[10, 60, 600], 1200]": 4419.709584566214,
  "[[10, 60, 600], 1500]": 4077.025094609084,
  "[[10, 60, 600], 1800]": 3734.5932545585124,
  "[[10, 60, 600], 2100]": 3522.7241261439653,
  "[[10, 60, 600], 2400]": 5874.413640193362,
  "[[10, 60, 600], 2700]": 5822.831620932173,
  "[[10, 60, 600], 3000]": 5799.92289903193,
  "[[10, 60, 600], 3300]": 5772.765683948241,
  "[[10, 60, 600], 3600]": 5682.930998256676,
  "[[30, 300, 900], 300]": 6376.029431609532,
  "[[30, 300, 900], 600]": 6106.9638312202405,
  "[[30, 300, 900], 900]": 5874.078271198291,
  "[[30, 300, 900], 1200]": 5801.263344799713,
  "[[30, 300, 900], 1500]": 5612.5146927654,
  "[[30, 300, 900], 1800]": 5459.568577264391,
  "[[30, 300, 900], 2100]": 5412.261029008525,
  "[[30, 300, 900], 2400]": 5058.951627378237,
  "[[30, 300, 900], 2700]": 4970.689247219581,
  "[[30, 300, 900], 3000]": 4936.430162019479,
  "[[30, 300, 900], 3300]": 4830.4999587750735,
  "[[30, 300, 900], 3600]": 4634.443096737676
}
