{
  "[[1, 10, 60], 300]": 4910.60637119511,
  "[[1, 10, 60], 600]": 4582.716769962957,
  "[[1, 10, 60], 900]": 4502.729508843541,
  "[[1, 10, 60], 1200]": 3774.4647088860243,
  "[[1, 10, 60], 1500]": 3158.1755168171358,
  "[[1, 10, 60], 1800]": 3591.3834253095542,
  "[[1, 10, 60], 2100]": 3299.3295045639966,
  "[[1, 10, 60], 2400]": 3587.6703767925706,
  "[[1, 10, 60], 2700]": 3155.6446546899892,
  "[[1, 10, 60], 3000]": 3061.2147430554974,
  "[[1, 10, 60], 3300]": 2911.1521209347547,
  "[[1, 10, 60], 3600]": 2888.041660713795,
  "[[30, 300, 600], 300]": 5896.063136620574,
  "[[30, 300, 600], 600]": 5805.0755471030925,
  "[[30, 300, 600], 900]": 5698.600467675939,
  "[[30, 300, 600], 1200]": 5285.176119923973,
  "[[30, 300, 600], 1500]": 4324.738742542975,
  "[[30, 300, 600], 1800]": 5232.995654377457,
  "[[30, 300, 600], 2100]": 5068.604337351825,
  "[[30, 300, 600], 2400]": 5485.445074176552,
  "[[30, 300, 600], 2700]": 5614.868261249473,
  "[[30, 300, 600], 3000]": 5354.898796845142,
  "[[30, 300, 600], 3300]": 5492.885005301652,
  "[[30, 300, 600], 3600]": 5654.410424012834,
  "[[60, 600, 1200], 300]": 6206.586304820077,
  "[[60, 600, 1200], 600]": 6121.766702887009,
  "[[60, 600, 1200], 900]": 5797.081915882127,
  "[[60, 600, 1200], 1200]": 6066.9012985305035,
  "[[60, 600, 1200], 1500]": 5852.399058594656,
  "[[60, 600, 1200], 1800]": 5683.706302584283,
  "[[60, 600, 1200], 2100]": 5875.346650704754,
  "[[60, 600, 1200], 2400]": 5714.204170369133,
  "[[60, 600, 1200], 2700]": 5923.576119348386,
  "[[60, 600, 1200], 3000]": 5952.831487817668,
  "[[60, 600, 1200], 3300]": 5646.387481787377,
  "[[60, 600, 1200], 3600]": 5952.438465427568
}
