{
  "[5, 300]": 5273.237090016435,
  "[5, 600]": 2560.929693633396,
  "[5, 900]": 597.1992771605077,
  "[5, 1200]": 535.4135716392742,
  "[5, 1500]": 4106.5433685045255,
  "[5, 1800]": 3869.306782726634,
  "[5, 2100]": 3210.193254881243,
  "[5, 2400]": 1806.2964123341917,
  "[5, 2700]": 566.3749509151418,
  "[5, 3000]": 952.3635448211123,
  "[5, 3300]": 482.95725046839254,
  "[5, 3600]": 687.0447476741394,
  "[10, 300]": 6307.667464431262,
  "[10, 600]": 5330.791278828074,
  "[10, 900]": 4345.19927539385,
  "[10, 1200]": 2055.4496886572742,
  "[10, 1500]": 703.0447048948843,
  "[10, 1800]": 533.4949105536539,
  "[10, 2100]": 479.1516924984346,
  "[10, 2400]": 420.398795391967,
  "[10, 2700]": 4390.072757119147,
  "[10, 3000]": 4294.505225899088,
  "[10, 3300]": 4035.7236947966,
  "[10, 3600]": 3991.0863418238364,
  "[30, 300]": 7086.314976191796,
  "[30, 600]": 6584.965381175842,
  "[30, 900]": 6409.492108421108,
  "[30, 1200]": 6016.895408420268,
  "[30, 1500]": 5589.455645731809,
  "[30, 1800]": 5162.576224328135,
  "[30, 2100]": 4837.823499327404,
  "[30, 2400]": 4493.066422966993,
  "[30, 2700]": 4174.021860952726,
  "[30, 3000]": 3672.685820922442,
  "[30, 3300]": 2454.896982417155,
  "[30, 3600]": 1657.073654835975,
  "[60, 300]": 7133.721418193875,
  "[60, 600]": 6518.255948037491,
  "[60, 900]": 6265.80115541359,
  "[60, 1200]": 6583.653579382889,
  "[60, 1500]": 6504.372635356014,
  "[60, 1800]": 6209.698387314918,
  "[60, 2100]": 6002.091007239696,
  "[60, 2400]": 5566.513682087817,
  "[60, 2700]": 5499.074312356883,
  "[60, 3000]": 5565.0921731083745,
  "[60, 3300]": 5352.165799465608,
  "[60, 3600]": 5233.190289252234,
  "[300, 300]": 7341.19053291094,
  "[300, 600]": 7545.629958953363,
  "[300, 900]": 7292.19140961495,
  "[300, 1200]": 7220.824704249375,
  "[300, 1500]": 7161.434252139106,
  "[300, 1800]": 7077.6400276276745,
  "[300, 2100]": 7019.975824226621,
  "[300, 2400]": 7070.9070050115,
  "[300, 2700]": 7083.491385629716,
  "[300, 3000]": 6973.648566127769,
  "[300, 3300]": 7037.967409803832,
  "[300, 3600]": 6984.8765762677385
}
